Trial,Prediction Score
0,-1.35294584225e+18
1,-1.43554986739e+18
2,-1.19635974635e+18
3,-1.0937377273e+18
4,-1.37384638738e+18
5,-1.81118226158e+18
6,-1.33109569441e+18
7,-1.12488821354e+18
8,-1.99118344183e+18
9,-9.764047116e+17
